,사고번호,사고일시,요일,시군구,사고내용,사망자수,중상자수,경상자수,부상신고자수,사고유형,법규위반,노면상태,기상상태,도로형태,가해운전자 차종,가해운전자 성별,가해운전자 연령,가해운전자 상해정도,피해운전자 차종,피해운전자 성별,피해운전자 연령,피해운전자 상해정도
2806,2019020100100356,2019년 2월 1일 14시,금요일,대구광역시 북구 노원동3가,경상사고,0,0,1,0,차대사람 - 기타,안전운전불이행,포장 - 건조,맑음,단일로 - 기타,화물,남,66세,상해없음,보행자,남,30세,경상
2807,2019020100100437,2019년 2월 1일 16시,금요일,대구광역시 달서구 성당동,경상사고,0,0,1,0,차대사람 - 기타,보행자보호의무위반,포장 - 건조,맑음,단일로 - 기타,승용,남,26세,상해없음,보행자,여,65세,경상
2808,2019020100100480,2019년 2월 1일 17시,금요일,대구광역시 북구 복현동,경상사고,0,0,1,0,차대사람 - 횡단중,보행자보호의무위반,포장 - 건조,맑음,단일로 - 기타,승용,남,72세,상해없음,보행자,여,8세,경상
2809,2019020100100481,2019년 2월 1일 17시,금요일,대구광역시 북구 산격동,중상사고,0,1,0,0,차대사람 - 기타,기타,포장 - 건조,맑음,단일로 - 기타,화물,남,45세,상해없음,보행자,여,49세,중상
2810,2019020100100551,2019년 2월 1일 18시,금요일,대구광역시 달서구 진천동,중상사고,0,1,0,0,차대사람 - 횡단중,보행자보호의무위반,포장 - 건조,맑음,단일로 - 기타,승용,여,39세,상해없음,보행자,여,24세,중상
2811,2019020100100552,2019년 2월 1일 18시,금요일,대구광역시 중구 대봉동,경상사고,0,0,1,0,차대사람 - 기타,안전운전불이행,포장 - 건조,맑음,단일로 - 기타,승합,남,49세,상해없음,보행자,여,57세,경상
2812,2019020100100604,2019년 2월 1일 19시,금요일,대구광역시 북구 산격동,중상사고,0,1,0,0,차대사람 - 횡단중,보행자보호의무위반,포장 - 건조,맑음,교차로 - 교차로횡단보도내,승용,남,57세,상해없음,보행자,남,60세,중상
2813,2019020100100606,2019년 2월 1일 19시,금요일,대구광역시 달서구 성당동,중상사고,0,1,0,0,차대사람 - 기타,안전운전불이행,포장 - 건조,맑음,단일로 - 기타,승용,남,61세,상해없음,보행자,남,57세,중상
2814,2019020100100731,2019년 2월 1일 23시,금요일,대구광역시 북구 칠성동2가,경상사고,0,0,1,0,차대사람 - 기타,보행자보호의무위반,포장 - 건조,맑음,교차로 - 교차로횡단보도내,기타불명,기타불명,미분류,기타불명,보행자,남,59세,경상
2815,2019020200100083,2019년 2월 2일 03시,토요일,대구광역시 남구 봉덕동,사망사고,1,0,0,0,차대사람 - 횡단중,보행자보호의무위반,포장 - 건조,맑음,교차로 - 교차로횡단보도내,승용,남,62세,상해없음,보행자,여,66세,사망
2816,2019020200100255,2019년 2월 2일 12시,토요일,대구광역시 달서구 용산동,경상사고,0,0,1,0,차대사람 - 기타,안전운전불이행,포장 - 건조,맑음,단일로 - 기타,승용,여,61세,상해없음,보행자,남,25세,경상
2817,2019020200100280,2019년 2월 2일 13시,토요일,대구광역시 남구 대명동,경상사고,0,0,1,0,차대사람 - 기타,안전운전불이행,포장 - 건조,맑음,단일로 - 기타,승용,여,39세,상해없음,보행자,여,53세,경상
2818,2019020200100281,2019년 2월 2일 13시,토요일,대구광역시 동구 각산동,경상사고,0,0,1,0,차대사람 - 횡단중,신호위반,포장 - 건조,맑음,교차로 - 교차로부근,승용,남,47세,상해없음,보행자,남,27세,경상
2819,2019020200100317,2019년 2월 2일 14시,토요일,대구광역시 동구 효목동,부상신고사고,0,0,0,1,차대사람 - 길가장자리구역통행중,안전운전불이행,포장 - 건조,맑음,단일로 - 기타,기타불명,기타불명,미분류,기타불명,보행자,여,76세,부상신고
2820,2019020200100473,2019년 2월 2일 18시,토요일,대구광역시 달성군 화원읍,경상사고,0,0,1,0,차대사람 - 기타,안전운전불이행,포장 - 건조,맑음,기타 - 기타,승합,남,60세,상해없음,보행자,여,69세,경상
2821,2019020200100474,2019년 2월 2일 18시,토요일,대구광역시 서구 중리동,경상사고,0,0,1,0,차대사람 - 기타,안전운전불이행,포장 - 건조,맑음,교차로 - 교차로안,기타불명,기타불명,미분류,기타불명,보행자,여,50세,경상
2822,2019020200100506,2019년 2월 2일 19시,토요일,대구광역시 북구 팔달동,중상사고,0,1,0,0,차대사람 - 횡단중,안전운전불이행,포장 - 건조,맑음,단일로 - 기타,승용,남,49세,상해없음,보행자,남,64세,중상
2823,2019020200100560,2019년 2월 2일 22시,토요일,대구광역시 달서구 상인동,경상사고,0,0,1,0,차대사람 - 횡단중,보행자보호의무위반,포장 - 건조,맑음,교차로 - 교차로안,승용,남,57세,상해없음,보행자,남,54세,경상
2824,2019020200100561,2019년 2월 2일 22시,토요일,대구광역시 북구 동천동,경상사고,0,0,1,0,차대사람 - 기타,안전운전불이행,포장 - 건조,맑음,단일로 - 지하차도(도로)내,승용,남,53세,상해없음,보행자,남,47세,경상
2825,2019020200100580,2019년 2월 2일 23시,토요일,대구광역시 달서구 상인동,중상사고,0,1,0,0,차대사람 - 횡단중,안전운전불이행,포장 - 건조,맑음,교차로 - 교차로안,승용,남,59세,상해없음,보행자,남,58세,중상
2826,2019020300100076,2019년 2월 3일 02시,일요일,대구광역시 중구 삼덕동1가,경상사고,0,0,1,0,차대사람 - 길가장자리구역통행중,안전운전불이행,포장 - 건조,맑음,단일로 - 기타,승용,남,20세,상해없음,보행자,남,18세,경상
2827,2019020300100140,2019년 2월 3일 07시,일요일,대구광역시 중구 남산동,중상사고,0,1,0,0,차대사람 - 횡단중,안전운전불이행,포장 - 젖음/습기,비,단일로 - 기타,승용,남,36세,상해없음,보행자,남,82세,중상
2828,2019020300100420,2019년 2월 3일 19시,일요일,대구광역시 동구 효목동,경상사고,0,0,1,0,차대사람 - 기타,안전운전불이행,포장 - 건조,맑음,단일로 - 기타,승합,남,47세,상해없음,보행자,남,60세,경상
2829,2019020300100504,2019년 2월 3일 23시,일요일,대구광역시 달서구 본리동,경상사고,0,0,1,0,차대사람 - 횡단중,신호위반,포장 - 건조,기타,교차로 - 교차로횡단보도내,이륜,남,18세,상해없음,보행자,여,44세,경상
2830,2019020400100074,2019년 2월 4일 05시,월요일,대구광역시 북구 산격동,중상사고,0,2,0,0,차대사람 - 횡단중,신호위반,포장 - 건조,맑음,교차로 - 교차로횡단보도내,이륜,남,22세,중상,보행자,여,57세,중상
2831,2019020400100103,2019년 2월 4일 09시,월요일,대구광역시 북구 읍내동,경상사고,0,0,1,0,차대사람 - 횡단중,보행자보호의무위반,포장 - 건조,맑음,단일로 - 기타,승용,남,70세,상해없음,보행자,여,74세,경상
2832,2019020400100134,2019년 2월 4일 11시,월요일,대구광역시 수성구 황금동,중상사고,0,1,0,0,차대사람 - 기타,안전운전불이행,포장 - 건조,맑음,단일로 - 기타,승용,남,54세,기타불명,보행자,남,26세,중상
2833,2019020400100135,2019년 2월 4일 11시,월요일,대구광역시 달서구 상인동,부상신고사고,0,0,0,1,차대사람 - 횡단중,안전운전불이행,포장 - 건조,맑음,교차로 - 교차로부근,승용,여,62세,상해없음,보행자,남,88세,부상신고
2834,2019020400100182,2019년 2월 4일 13시,월요일,대구광역시 북구 산격동,경상사고,0,0,1,0,차대사람 - 기타,안전운전불이행,포장 - 건조,맑음,단일로 - 기타,승용,남,53세,상해없음,보행자,여,74세,경상
2835,2019020400100263,2019년 2월 4일 17시,월요일,대구광역시 달성군 화원읍,중상사고,0,1,0,0,차대사람 - 보도통행중,안전운전불이행,포장 - 건조,맑음,주차장 - 주차장,승용,남,39세,상해없음,보행자,여,3세,중상
2836,2019020400100348,2019년 2월 4일 21시,월요일,대구광역시 남구 대명동,경상사고,0,0,1,0,차대사람 - 횡단중,보행자보호의무위반,포장 - 건조,맑음,단일로 - 기타,승용,남,56세,상해없음,보행자,남,70세,경상
2837,2019020400100350,2019년 2월 4일 21시,월요일,대구광역시 서구 평리동,중상사고,0,1,0,0,차대사람 - 기타,보행자보호의무위반,포장 - 건조,맑음,교차로 - 교차로안,승용,여,33세,상해없음,보행자,여,24세,중상
2838,2019020500100265,2019년 2월 5일 18시,화요일,대구광역시 동구 입석동,경상사고,0,0,1,0,차대사람 - 횡단중,안전운전불이행,포장 - 건조,맑음,단일로 - 기타,승용,남,67세,상해없음,보행자,여,55세,경상
2839,2019020600100042,2019년 2월 6일 02시,수요일,대구광역시 수성구 황금동,경상사고,0,0,1,0,차대사람 - 횡단중,보행자보호의무위반,포장 - 건조,맑음,단일로 - 기타,승용,남,50세,상해없음,보행자,남,45세,경상
2840,2019020600100149,2019년 2월 6일 13시,수요일,대구광역시 달서구 상인동,경상사고,0,0,1,0,차대사람 - 횡단중,안전운전불이행,포장 - 건조,맑음,단일로 - 기타,승용,남,49세,상해없음,보행자,여,23세,경상
2841,2019020700100159,2019년 2월 7일 09시,목요일,대구광역시 동구 효목동,중상사고,0,1,0,0,차대사람 - 기타,안전운전불이행,포장 - 건조,맑음,단일로 - 기타,승합,남,54세,상해없음,보행자,남,47세,중상
2842,2019020700100230,2019년 2월 7일 12시,목요일,대구광역시 서구 내당동,경상사고,0,0,1,0,차대사람 - 횡단중,기타,포장 - 건조,맑음,단일로 - 기타,이륜,남,63세,상해없음,보행자,남,66세,경상
2843,2019020700100354,2019년 2월 7일 16시,목요일,대구광역시 중구 삼덕동1가,경상사고,0,0,1,0,차대사람 - 길가장자리구역통행중,신호위반,포장 - 건조,맑음,교차로 - 교차로부근,승용,여,25세,상해없음,보행자,남,20세,경상
2844,2019020700100430,2019년 2월 7일 18시,목요일,대구광역시 남구 대명동,중상사고,0,1,0,0,차대사람 - 기타,직진우회전진행방해,포장 - 건조,맑음,단일로 - 기타,승용,남,24세,상해없음,보행자,여,81세,중상
2845,2019020700100431,2019년 2월 7일 18시,목요일,대구광역시 동구 신천동,부상신고사고,0,0,0,1,차대사람 - 기타,안전운전불이행,포장 - 건조,맑음,기타 - 기타,기타불명,기타불명,미분류,기타불명,보행자,남,61세,부상신고
2846,2019020700100508,2019년 2월 7일 21시,목요일,대구광역시 중구 동일동,경상사고,0,0,1,0,차대사람 - 횡단중,보행자보호의무위반,포장 - 건조,맑음,단일로 - 기타,이륜,남,26세,상해없음,보행자,여,19세,경상
2847,2019020700100524,2019년 2월 7일 22시,목요일,대구광역시 달서구 송현동,부상신고사고,0,0,0,1,차대사람 - 기타,안전운전불이행,포장 - 건조,맑음,단일로 - 기타,기타불명,기타불명,미분류,기타불명,보행자,남,54세,부상신고
2848,2019020800100107,2019년 2월 8일 08시,금요일,대구광역시 달서구 월성동,부상신고사고,0,0,0,1,차대사람 - 기타,안전운전불이행,포장 - 건조,맑음,단일로 - 기타,기타불명,기타불명,미분류,기타불명,보행자,남,19세,부상신고
2849,2019020800100150,2019년 2월 8일 10시,금요일,대구광역시 동구 신암동,중상사고,0,1,0,0,차대사람 - 기타,안전운전불이행,포장 - 건조,맑음,단일로 - 기타,승합,남,49세,상해없음,보행자,여,74세,중상
2850,2019020800100153,2019년 2월 8일 10시,금요일,대구광역시 달서구 용산동,중상사고,0,1,0,0,차대사람 - 기타,안전운전불이행,포장 - 건조,맑음,단일로 - 기타,승합,남,58세,상해없음,보행자,여,79세,중상
2851,2019020800100294,2019년 2월 8일 15시,금요일,대구광역시 달서구 용산동,경상사고,0,0,1,0,차대사람 - 기타,안전운전불이행,포장 - 건조,맑음,기타 - 기타,이륜,남,18세,경상,보행자,남,12세,상해없음
2852,2019020800100517,2019년 2월 8일 23시,금요일,대구광역시 수성구 중동,부상신고사고,0,0,0,1,차대사람 - 횡단중,안전운전불이행,포장 - 건조,맑음,교차로 - 교차로횡단보도내,기타불명,기타불명,미분류,기타불명,보행자,남,54세,부상신고
2853,2019020800100518,2019년 2월 8일 23시,금요일,대구광역시 서구 평리동,중상사고,0,1,0,1,차대사람 - 횡단중,보행자보호의무위반,포장 - 건조,맑음,단일로 - 기타,이륜,남,26세,부상신고,보행자,남,53세,중상
2854,2019020900100114,2019년 2월 9일 08시,토요일,대구광역시 수성구 두산동,중상사고,0,1,0,0,차대사람 - 횡단중,안전운전불이행,포장 - 건조,맑음,단일로 - 기타,승용,남,58세,상해없음,보행자,남,41세,중상
2855,2019020900100174,2019년 2월 9일 11시,토요일,대구광역시 남구 이천동,경상사고,0,0,1,0,차대사람 - 기타,안전운전불이행,포장 - 건조,맑음,기타 - 기타,승용,여,42세,상해없음,보행자,여,21세,경상
2856,2019020900100420,2019년 2월 9일 21시,토요일,대구광역시 수성구 두산동,경상사고,0,0,1,0,차대사람 - 기타,보행자보호의무위반,포장 - 건조,맑음,단일로 - 기타,승용,남,40세,상해없음,보행자,여,52세,경상
2857,2019021000100298,2019년 2월 10일 19시,일요일,대구광역시 동구 신암동,경상사고,0,0,1,0,차대사람 - 기타,불법유턴,포장 - 건조,맑음,단일로 - 기타,승용,여,26세,상해없음,보행자,남,42세,경상
2858,2019021100100044,2019년 2월 11일 04시,월요일,대구광역시 수성구 만촌동,중상사고,0,1,0,0,차대사람 - 횡단중,보행자보호의무위반,포장 - 건조,맑음,교차로 - 교차로횡단보도내,승용,남,56세,상해없음,보행자,남,80세,중상
2859,2019021100100169,2019년 2월 11일 10시,월요일,대구광역시 수성구 지산동,중상사고,0,1,0,0,차대사람 - 보도통행중,보행자보호의무위반,포장 - 건조,맑음,단일로 - 기타,승용,남,32세,상해없음,보행자,여,20세,중상
2860,2019021100100203,2019년 2월 11일 11시,월요일,대구광역시 수성구 범어동,경상사고,0,0,1,0,차대사람 - 횡단중,보행자보호의무위반,포장 - 건조,맑음,교차로 - 교차로횡단보도내,화물,남,62세,상해없음,보행자,남,38세,경상
2861,2019021100100254,2019년 2월 11일 13시,월요일,대구광역시 북구 산격동,경상사고,0,0,1,0,차대사람 - 횡단중,신호위반,포장 - 건조,맑음,단일로 - 기타,승용,여,53세,상해없음,보행자,여,87세,경상
2862,2019021100100285,2019년 2월 11일 14시,월요일,대구광역시 달서구 용산동,부상신고사고,0,0,0,1,차대사람 - 보도통행중,기타,포장 - 건조,맑음,단일로 - 기타,기타불명,기타불명,미분류,기타불명,보행자,남,13세,부상신고
2863,2019021100100348,2019년 2월 11일 16시,월요일,대구광역시 남구 봉덕동,경상사고,0,0,1,0,차대사람 - 횡단중,안전운전불이행,포장 - 건조,맑음,단일로 - 기타,승용,여,37세,상해없음,보행자,남,50세,경상
2864,2019021100100454,2019년 2월 11일 19시,월요일,대구광역시 동구 효목동,중상사고,0,1,0,0,차대사람 - 기타,안전운전불이행,포장 - 건조,맑음,교차로 - 교차로안,승용,남,32세,상해없음,보행자,여,80세,중상
2865,2019021200100116,2019년 2월 12일 08시,화요일,대구광역시 달서구 장기동,중상사고,0,1,0,0,차대사람 - 기타,안전운전불이행,포장 - 건조,맑음,기타 - 기타,승용,남,39세,상해없음,보행자,여,73세,중상
2866,2019021200100247,2019년 2월 12일 12시,화요일,대구광역시 달서구 성당동,경상사고,0,0,1,0,차대사람 - 보도통행중,기타,포장 - 건조,맑음,기타 - 기타,자전거,남,76세,상해없음,보행자,남,59세,경상
2867,2019021200100318,2019년 2월 12일 15시,화요일,대구광역시 북구 산격동,중상사고,0,1,0,0,차대사람 - 기타,안전운전불이행,포장 - 건조,맑음,단일로 - 기타,승용,남,66세,상해없음,보행자,남,60세,중상
2868,2019021200100350,2019년 2월 12일 16시,화요일,대구광역시 서구 비산동,경상사고,0,0,1,0,차대사람 - 차도통행중,안전운전불이행,포장 - 건조,맑음,단일로 - 터널,승용,남,47세,상해없음,보행자,남,6세,경상
2869,2019021200100428,2019년 2월 12일 18시,화요일,대구광역시 남구 대명동,경상사고,0,0,1,0,차대사람 - 기타,기타,포장 - 건조,맑음,단일로 - 기타,승용,남,40세,상해없음,보행자,남,44세,경상
2870,2019021200100528,2019년 2월 12일 23시,화요일,대구광역시 달서구 도원동,중상사고,0,1,0,0,차대사람 - 횡단중,보행자보호의무위반,포장 - 건조,맑음,교차로 - 교차로횡단보도내,승용,남,75세,상해없음,보행자,남,38세,중상
2871,2019021200100529,2019년 2월 12일 23시,화요일,대구광역시 달서구 진천동,부상신고사고,0,0,0,1,차대사람 - 기타,안전운전불이행,포장 - 건조,맑음,단일로 - 기타,기타불명,기타불명,미분류,기타불명,보행자,남,19세,부상신고
2872,2019021300100187,2019년 2월 13일 10시,수요일,대구광역시 북구 태전동,경상사고,0,0,1,0,차대사람 - 기타,안전운전불이행,포장 - 건조,맑음,교차로 - 교차로부근,승용,여,66세,상해없음,보행자,여,83세,경상
2873,2019021300100263,2019년 2월 13일 13시,수요일,대구광역시 수성구 범어동,경상사고,0,0,1,0,차대사람 - 길가장자리구역통행중,안전운전불이행,포장 - 건조,맑음,단일로 - 기타,승용,여,37세,상해없음,보행자,남,53세,경상
2874,2019021300100367,2019년 2월 13일 16시,수요일,대구광역시 수성구 매호동,경상사고,0,0,1,0,차대사람 - 기타,안전운전불이행,포장 - 건조,맑음,단일로 - 기타,승용,여,49세,상해없음,보행자,여,9세,경상
2875,2019021300100393,2019년 2월 13일 17시,수요일,대구광역시 동구 지저동,경상사고,0,0,1,0,차대사람 - 길가장자리구역통행중,안전운전불이행,포장 - 건조,맑음,단일로 - 기타,승용,여,58세,상해없음,보행자,남,73세,경상
2876,2019021300100472,2019년 2월 13일 19시,수요일,대구광역시 동구 불로동,경상사고,0,0,1,0,차대사람 - 기타,안전운전불이행,포장 - 건조,맑음,기타 - 기타,승용,남,47세,기타불명,보행자,여,14세,경상
2877,2019021300100474,2019년 2월 13일 19시,수요일,대구광역시 달성군 화원읍,중상사고,0,1,0,0,차대사람 - 기타,안전운전불이행,포장 - 건조,맑음,기타 - 기타,승용,여,31세,상해없음,보행자,여,80세,중상
2878,2019021300100475,2019년 2월 13일 19시,수요일,대구광역시 북구 침산동,중상사고,0,1,0,0,차대사람 - 횡단중,기타,포장 - 건조,맑음,단일로 - 기타,승용,남,53세,상해없음,보행자,남,67세,중상
2879,2019021300100537,2019년 2월 13일 21시,수요일,대구광역시 중구 동성로3가,중상사고,0,1,0,0,차대사람 - 차도통행중,안전운전불이행,포장 - 건조,맑음,단일로 - 기타,승용,남,65세,상해없음,보행자,여,27세,중상
2880,2019021400100292,2019년 2월 14일 14시,목요일,대구광역시 중구 공평동,경상사고,0,0,1,0,차대사람 - 길가장자리구역통행중,안전운전불이행,포장 - 건조,맑음,단일로 - 기타,승용,남,47세,상해없음,보행자,여,12세,경상
2881,2019021400100436,2019년 2월 14일 18시,목요일,대구광역시 남구 봉덕동,부상신고사고,0,0,0,1,차대사람 - 차도통행중,안전운전불이행,포장 - 건조,맑음,단일로 - 기타,승용,남,54세,상해없음,보행자,여,66세,부상신고
2882,2019021400100439,2019년 2월 14일 18시,목요일,대구광역시 달서구 성당동,경상사고,0,0,1,0,차대사람 - 횡단중,안전운전불이행,포장 - 건조,맑음,단일로 - 기타,승용,남,62세,상해없음,보행자,남,3세,경상
2883,2019021400100480,2019년 2월 14일 19시,목요일,대구광역시 서구 평리동,경상사고,0,0,1,1,차대사람 - 보도통행중,기타,포장 - 건조,맑음,기타 - 기타,자전거,남,47세,부상신고,보행자,남,34세,경상
2884,2019021400100481,2019년 2월 14일 19시,목요일,대구광역시 달서구 감삼동,경상사고,0,0,1,0,차대사람 - 기타,안전운전불이행,포장 - 건조,맑음,기타 - 기타,승용,남,70세,상해없음,보행자,남,31세,경상
2885,2019021400100569,2019년 2월 14일 22시,목요일,대구광역시 달서구 성당동,경상사고,0,0,1,0,차대사람 - 기타,안전운전불이행,포장 - 건조,맑음,단일로 - 기타,화물,남,55세,상해없음,보행자,남,39세,경상
2886,2019021500100047,2019년 2월 15일 02시,금요일,대구광역시 서구 내당동,사망사고,1,0,0,0,차대사람 - 횡단중,안전운전불이행,포장 - 건조,맑음,단일로 - 기타,승용,남,32세,상해없음,보행자,여,43세,사망
2887,2019021500100223,2019년 2월 15일 09시,금요일,대구광역시 서구 내당동,경상사고,0,0,1,0,차대사람 - 기타,안전운전불이행,포장 - 건조,맑음,단일로 - 기타,승용,여,63세,상해없음,보행자,여,24세,경상
2888,2019021500100311,2019년 2월 15일 12시,금요일,대구광역시 서구 내당동,사망사고,1,0,0,0,차대사람 - 기타,안전운전불이행,포장 - 건조,맑음,단일로 - 기타,승용,여,29세,상해없음,보행자,남,69세,사망
2889,2019021500100413,2019년 2월 15일 15시,금요일,대구광역시 북구 복현동,부상신고사고,0,0,0,1,차대사람 - 기타,안전운전불이행,포장 - 건조,맑음,단일로 - 기타,승합,남,55세,상해없음,보행자,여,81세,부상신고
2890,2019021500100685,2019년 2월 15일 23시,금요일,대구광역시 달서구 진천동,중상사고,0,1,0,0,차대사람 - 횡단중,신호위반,포장 - 건조,맑음,교차로 - 교차로안,이륜,남,47세,상해없음,보행자,남,42세,중상
2891,2019021600100068,2019년 2월 16일 03시,토요일,대구광역시 동구 효목동,중상사고,0,1,0,0,차대사람 - 횡단중,과속,포장 - 건조,맑음,교차로 - 교차로횡단보도내,승용,남,48세,상해없음,보행자,남,22세,중상
2892,2019021600100342,2019년 2월 16일 15시,토요일,대구광역시 달서구 상인동,중상사고,0,1,0,0,차대사람 - 횡단중,신호위반,포장 - 건조,맑음,단일로 - 기타,이륜,남,34세,상해없음,보행자,여,8세,중상
2893,2019021600100384,2019년 2월 16일 16시,토요일,대구광역시 북구 복현동,부상신고사고,0,0,0,1,차대사람 - 길가장자리구역통행중,안전운전불이행,포장 - 건조,맑음,단일로 - 기타,기타불명,기타불명,미분류,기타불명,보행자,여,23세,부상신고
2894,2019021600100423,2019년 2월 16일 17시,토요일,대구광역시 수성구 두산동,경상사고,0,0,1,0,차대사람 - 기타,안전운전불이행,포장 - 건조,맑음,단일로 - 기타,승용,여,50세,기타불명,보행자,남,13세,경상
2895,2019021600100424,2019년 2월 16일 17시,토요일,대구광역시 서구 내당동,경상사고,0,0,1,0,차대사람 - 보도통행중,기타,포장 - 건조,맑음,단일로 - 기타,승용,남,55세,상해없음,보행자,여,81세,경상
2896,2019021600100469,2019년 2월 16일 18시,토요일,대구광역시 수성구 두산동,중상사고,0,1,0,0,차대사람 - 횡단중,안전운전불이행,포장 - 건조,맑음,단일로 - 기타,승용,여,47세,기타불명,보행자,여,57세,중상
2897,2019021700100043,2019년 2월 17일 00시,일요일,대구광역시 북구 동천동,사망사고,1,0,0,0,차대사람 - 횡단중,안전운전불이행,포장 - 건조,맑음,단일로 - 기타,승용,남,29세,상해없음,보행자,여,69세,사망
2898,2019021700100073,2019년 2월 17일 02시,일요일,대구광역시 달서구 송현동,경상사고,0,0,1,0,차대사람 - 횡단중,안전운전불이행,포장 - 건조,맑음,단일로 - 기타,기타불명,기타불명,미분류,기타불명,보행자,여,28세,경상
2899,2019021700100088,2019년 2월 17일 03시,일요일,대구광역시 중구 삼덕동1가,경상사고,0,0,1,0,차대사람 - 차도통행중,안전운전불이행,포장 - 건조,맑음,단일로 - 기타,승용,남,44세,상해없음,보행자,여,23세,경상
2900,2019021700100361,2019년 2월 17일 18시,일요일,대구광역시 서구 평리동,중상사고,0,1,0,0,차대사람 - 횡단중,안전운전불이행,포장 - 건조,맑음,교차로 - 교차로안,승용,남,44세,상해없음,보행자,여,77세,중상
2901,2019021700100398,2019년 2월 17일 19시,일요일,대구광역시 달성군 화원읍,중상사고,0,1,0,0,차대사람 - 기타,중앙선침범,포장 - 건조,맑음,기타 - 기타,승용,남,23세,상해없음,보행자,남,54세,중상
2902,2019021700100400,2019년 2월 17일 19시,일요일,대구광역시 북구 동천동,경상사고,0,0,1,0,차대사람 - 기타,안전운전불이행,포장 - 건조,맑음,단일로 - 기타,승용,남,60세,상해없음,보행자,남,35세,경상
2903,2019021800100083,2019년 2월 18일 06시,월요일,대구광역시 동구 지저동,경상사고,0,0,1,0,차대사람 - 기타,안전운전불이행,포장 - 건조,맑음,교차로 - 교차로안,승용,남,61세,상해없음,보행자,여,62세,경상
2904,2019021800100196,2019년 2월 18일 10시,월요일,대구광역시 달서구 본동,부상신고사고,0,0,0,1,차대사람 - 기타,안전운전불이행,포장 - 건조,맑음,주차장 - 주차장,화물,남,54세,상해없음,보행자,남,29세,부상신고
2905,2019021800100297,2019년 2월 18일 14시,월요일,대구광역시 달서구 감삼동,경상사고,0,0,1,0,차대사람 - 기타,안전운전불이행,포장 - 건조,맑음,주차장 - 주차장,승용,여,57세,상해없음,보행자,남,58세,경상
2906,2019021800100316,2019년 2월 18일 15시,월요일,대구광역시 동구 율하동,경상사고,0,0,1,0,차대사람 - 횡단중,안전운전불이행,포장 - 건조,맑음,교차로 - 교차로부근,승용,여,63세,상해없음,보행자,남,60세,경상
2907,2019021800100462,2019년 2월 18일 19시,월요일,대구광역시 달서구 송현동,경상사고,0,0,1,0,차대사람 - 기타,안전운전불이행,포장 - 건조,맑음,단일로 - 기타,승용,남,23세,상해없음,보행자,남,88세,경상
2908,2019021800100497,2019년 2월 18일 20시,월요일,대구광역시 중구 공평동,경상사고,0,0,1,0,차대사람 - 길가장자리구역통행중,안전운전불이행,포장 - 건조,맑음,단일로 - 기타,이륜,남,31세,상해없음,보행자,남,19세,경상
2909,2019021900100090,2019년 2월 19일 06시,화요일,대구광역시 남구 이천동,중상사고,0,1,0,0,차대사람 - 차도통행중,안전운전불이행,포장 - 젖음/습기,맑음,단일로 - 기타,승용,남,64세,상해없음,보행자,여,74세,중상
2910,2019021900100092,2019년 2월 19일 06시,화요일,대구광역시 동구 지저동,중상사고,0,1,0,0,차대사람 - 차도통행중,안전운전불이행,포장 - 젖음/습기,비,단일로 - 기타,승용,남,59세,상해없음,보행자,남,84세,중상
2911,2019021900100115,2019년 2월 19일 07시,화요일,대구광역시 달서구 장동,경상사고,0,0,1,0,차대사람 - 기타,안전운전불이행,포장 - 젖음/습기,비,단일로 - 기타,승용,남,26세,상해없음,보행자,남,58세,경상
2912,2019021900100274,2019년 2월 19일 13시,화요일,대구광역시 동구 신서동,경상사고,0,0,1,0,차대사람 - 기타,안전운전불이행,포장 - 젖음/습기,비,단일로 - 기타,승용,남,58세,상해없음,보행자,여,76세,경상
2913,2019021900100337,2019년 2월 19일 15시,화요일,대구광역시 남구 대명동,경상사고,0,0,1,0,차대사람 - 보도통행중,기타,포장 - 건조,맑음,기타 - 기타,승용,남,62세,상해없음,보행자,남,70세,경상
2914,2019022000100178,2019년 2월 20일 10시,수요일,대구광역시 서구 내당동,경상사고,0,0,1,0,차대사람 - 길가장자리구역통행중,안전운전불이행,포장 - 건조,맑음,단일로 - 기타,승용,여,33세,상해없음,보행자,남,56세,경상
2915,2019022000100237,2019년 2월 20일 12시,수요일,대구광역시 수성구 중동,경상사고,0,0,1,0,차대사람 - 기타,안전운전불이행,포장 - 건조,맑음,단일로 - 기타,화물,남,57세,상해없음,보행자,여,24세,경상
2916,2019022000100261,2019년 2월 20일 13시,수요일,대구광역시 서구 비산동,중상사고,0,1,0,0,차대사람 - 기타,안전운전불이행,포장 - 건조,맑음,교차로 - 교차로안,화물,남,74세,상해없음,보행자,남,60세,중상