,사고번호,사고일시,요일,시군구,사고내용,사망자수,중상자수,경상자수,부상신고자수,사고유형,법규위반,노면상태,기상상태,도로형태,가해운전자 차종,가해운전자 성별,가해운전자 연령,가해운전자 상해정도,피해운전자 차종,피해운전자 성별,피해운전자 연령,피해운전자 상해정도
3468,2019050300100073,2019년 5월 3일 04시,금요일,대구광역시 동구 봉무동,중상사고,0,1,0,0,차대사람 - 횡단중,안전운전불이행,포장 - 건조,맑음,교차로 - 교차로안,승용,남,45세,상해없음,보행자,남,78세,중상
3469,2019050300100171,2019년 5월 3일 08시,금요일,대구광역시 달서구 도원동,경상사고,0,0,1,0,차대사람 - 기타,안전운전불이행,포장 - 건조,맑음,단일로 - 기타,승용,여,62세,상해없음,보행자,남,13세,경상
3470,2019050300100209,2019년 5월 3일 09시,금요일,대구광역시 달서구 상인동,경상사고,0,0,1,0,차대사람 - 길가장자리구역통행중,보행자보호의무위반,포장 - 건조,맑음,단일로 - 기타,승용,여,60세,상해없음,보행자,여,66세,경상
3471,2019050300100314,2019년 5월 3일 12시,금요일,대구광역시 수성구 지산동,중상사고,0,1,0,0,차대사람 - 길가장자리구역통행중,안전운전불이행,포장 - 건조,맑음,단일로 - 기타,승용,여,61세,상해없음,보행자,여,76세,중상
3472,2019050300100353,2019년 5월 3일 13시,금요일,대구광역시 북구 칠성동2가,경상사고,0,0,1,0,차대사람 - 기타,안전운전불이행,포장 - 건조,맑음,기타 - 기타,승용,여,42세,상해없음,보행자,여,67세,경상
3473,2019050300100354,2019년 5월 3일 13시,금요일,대구광역시 중구 남일동,경상사고,0,0,1,0,차대사람 - 기타,안전운전불이행,포장 - 건조,맑음,단일로 - 기타,승용,남,26세,상해없음,보행자,남,24세,경상
3474,2019050300100388,2019년 5월 3일 14시,금요일,대구광역시 달서구 두류동,중상사고,0,1,0,0,차대사람 - 횡단중,보행자보호의무위반,포장 - 건조,맑음,단일로 - 기타,승용,남,36세,상해없음,보행자,남,70세,중상
3475,2019050300100484,2019년 5월 3일 16시,금요일,대구광역시 달성군 다사읍,중상사고,0,1,0,0,차대사람 - 보도통행중,안전운전불이행,포장 - 건조,맑음,단일로 - 기타,원동기,남,14세,상해없음,보행자,남,68세,중상
3476,2019050300100543,2019년 5월 3일 17시,금요일,대구광역시 남구 이천동,경상사고,0,0,1,0,차대사람 - 기타,보행자보호의무위반,포장 - 건조,맑음,단일로 - 기타,이륜,남,31세,상해없음,보행자,여,11세,경상
3477,2019050400100119,2019년 5월 4일 06시,토요일,대구광역시 달서구 진천동,경상사고,0,0,2,0,차대사람 - 횡단중,안전운전불이행,포장 - 건조,맑음,교차로 - 교차로횡단보도내,승합,남,67세,상해없음,보행자,남,18세,경상
3478,2019050400100178,2019년 5월 4일 09시,토요일,대구광역시 서구 평리동,중상사고,0,1,0,0,차대사람 - 기타,안전운전불이행,포장 - 건조,맑음,단일로 - 기타,승용,여,48세,상해없음,보행자,여,64세,중상
3479,2019050400100260,2019년 5월 4일 11시,토요일,대구광역시 북구 읍내동,경상사고,0,0,1,0,차대사람 - 기타,기타,포장 - 건조,맑음,단일로 - 기타,자전거,여,65세,상해없음,보행자,여,38세,경상
3480,2019050400100298,2019년 5월 4일 12시,토요일,대구광역시 달서구 월성동,중상사고,0,1,0,0,차대사람 - 횡단중,보행자보호의무위반,포장 - 건조,맑음,교차로 - 교차로횡단보도내,승용,여,42세,상해없음,보행자,남,64세,중상
3481,2019050400100301,2019년 5월 4일 12시,토요일,대구광역시 달서구 감삼동,부상신고사고,0,0,0,1,차대사람 - 횡단중,안전운전불이행,포장 - 건조,맑음,기타 - 기타,자전거,여,65세,부상신고,보행자,남,46세,상해없음
3482,2019050400100342,2019년 5월 4일 13시,토요일,대구광역시 남구 대명동,경상사고,0,0,1,0,차대사람 - 기타,안전운전불이행,포장 - 건조,맑음,기타 - 기타,기타불명,기타불명,미분류,기타불명,보행자,여,59세,경상
3483,2019050400100388,2019년 5월 4일 14시,토요일,대구광역시 중구 공평동,중상사고,0,1,0,0,차대사람 - 기타,안전운전불이행,포장 - 건조,맑음,교차로 - 교차로부근,승용,여,41세,상해없음,보행자,여,22세,중상
3484,2019050400100474,2019년 5월 4일 16시,토요일,대구광역시 달성군 논공읍,경상사고,0,0,1,0,차대사람 - 기타,안전운전불이행,포장 - 건조,맑음,단일로 - 기타,승용,여,50세,상해없음,보행자,남,5세,경상
3485,2019050400100697,2019년 5월 4일 23시,토요일,대구광역시 동구 신암동,중상사고,0,1,0,0,차대사람 - 기타,안전운전불이행,포장 - 건조,맑음,단일로 - 기타,승용,남,57세,상해없음,보행자,남,67세,중상
3486,2019050500100031,2019년 5월 5일 00시,일요일,대구광역시 중구 삼덕동2가,경상사고,0,0,1,0,차대사람 - 차도통행중,안전운전불이행,포장 - 건조,맑음,단일로 - 기타,승용,남,23세,상해없음,보행자,남,25세,경상
3487,2019050500100064,2019년 5월 5일 02시,일요일,대구광역시 달서구 송현동,경상사고,0,0,1,0,차대사람 - 길가장자리구역통행중,안전운전불이행,포장 - 건조,맑음,단일로 - 기타,승용,남,55세,상해없음,보행자,남,56세,경상
3488,2019050500100222,2019년 5월 5일 12시,일요일,대구광역시 서구 비산동,경상사고,0,0,1,0,차대사람 - 차도통행중,안전운전불이행,포장 - 건조,맑음,단일로 - 기타,승합,남,56세,상해없음,보행자,남,86세,경상
3489,2019050500100276,2019년 5월 5일 13시,일요일,대구광역시 달서구 상인동,경상사고,0,0,1,0,차대사람 - 기타,안전운전불이행,포장 - 건조,맑음,단일로 - 기타,승용,여,59세,상해없음,보행자,여,5세,경상
3490,2019050500100278,2019년 5월 5일 13시,일요일,대구광역시 달서구 죽전동,경상사고,0,0,1,0,차대사람 - 기타,안전운전불이행,포장 - 건조,맑음,단일로 - 기타,이륜,남,26세,상해없음,보행자,여,5세,경상
3491,2019050500100360,2019년 5월 5일 15시,일요일,대구광역시 달성군 다사읍,경상사고,0,0,1,0,차대사람 - 기타,기타,포장 - 건조,맑음,기타 - 기타,자전거,남,55세,상해없음,보행자,여,5세,경상
3492,2019050500100498,2019년 5월 5일 19시,일요일,대구광역시 동구 용수동,중상사고,0,1,0,0,차대사람 - 길가장자리구역통행중,안전운전불이행,포장 - 건조,맑음,단일로 - 기타,승용,여,22세,상해없음,보행자,남,49세,중상
3493,2019050500100499,2019년 5월 5일 19시,일요일,대구광역시 달서구 상인동,부상신고사고,0,0,0,1,차대사람 - 횡단중,안전운전불이행,포장 - 건조,맑음,단일로 - 기타,기타불명,기타불명,미분류,기타불명,보행자,남,23세,부상신고
3494,2019050500100529,2019년 5월 5일 20시,일요일,대구광역시 달서구 상인동,중상사고,0,1,0,0,차대사람 - 횡단중,신호위반,포장 - 건조,맑음,교차로 - 교차로횡단보도내,이륜,남,56세,상해없음,보행자,남,68세,중상
3495,2019050500100616,2019년 5월 5일 23시,일요일,대구광역시 동구 신암동,중상사고,0,1,0,0,차대사람 - 횡단중,안전운전불이행,포장 - 건조,맑음,단일로 - 기타,승용,남,60세,상해없음,보행자,남,48세,중상
3496,2019050600100311,2019년 5월 6일 14시,월요일,대구광역시 달서구 월성동,중상사고,0,1,0,0,차대사람 - 기타,안전운전불이행,포장 - 건조,맑음,단일로 - 기타,승합,남,59세,상해없음,보행자,여,86세,중상
3497,2019050600100541,2019년 5월 6일 20시,월요일,대구광역시 달서구 상인동,경상사고,0,0,1,0,차대사람 - 기타,안전운전불이행,포장 - 건조,맑음,단일로 - 기타,승용,남,26세,상해없음,보행자,남,70세,경상
3498,2019050700100207,2019년 5월 7일 09시,화요일,대구광역시 동구 율하동,중상사고,0,1,0,0,차대사람 - 차도통행중,안전운전불이행,포장 - 건조,맑음,교차로 - 교차로안,승용,여,27세,상해없음,보행자,여,85세,중상
3499,2019050700100364,2019년 5월 7일 13시,화요일,대구광역시 달성군 다사읍,경상사고,0,0,1,0,차대사람 - 기타,안전운전불이행,포장 - 건조,맑음,기타 - 기타,승용,남,60세,상해없음,보행자,남,58세,경상
3500,2019050700100365,2019년 5월 7일 13시,화요일,대구광역시 북구 복현동,중상사고,0,1,0,0,차대사람 - 기타,안전운전불이행,포장 - 건조,맑음,단일로 - 기타,화물,남,56세,상해없음,보행자,여,79세,중상
3501,2019050700100445,2019년 5월 7일 15시,화요일,대구광역시 달서구 송현동,부상신고사고,0,0,0,1,차대사람 - 기타,안전운전불이행,포장 - 건조,맑음,단일로 - 기타,승합,남,49세,상해없음,보행자,여,78세,부상신고
3502,2019050700100492,2019년 5월 7일 16시,화요일,대구광역시 북구 읍내동,부상신고사고,0,0,0,1,차대사람 - 기타,안전운전불이행,포장 - 건조,맑음,단일로 - 기타,기타불명,기타불명,미분류,기타불명,보행자,남,45세,부상신고
3503,2019050700100529,2019년 5월 7일 17시,화요일,대구광역시 북구 노원동1가,경상사고,0,0,1,0,차대사람 - 횡단중,보행자보호의무위반,포장 - 건조,맑음,단일로 - 기타,승용,남,57세,상해없음,보행자,여,25세,경상
3504,2019050700100531,2019년 5월 7일 17시,화요일,대구광역시 달서구 본리동,부상신고사고,0,0,0,1,차대사람 - 기타,안전운전불이행,포장 - 건조,맑음,단일로 - 기타,자전거,남,8세,상해없음,보행자,여,61세,부상신고
3505,2019050700100590,2019년 5월 7일 18시,화요일,대구광역시 중구 동성로2가,경상사고,0,0,1,0,차대사람 - 기타,안전운전불이행,포장 - 건조,맑음,단일로 - 기타,승용,남,57세,상해없음,보행자,여,16세,경상
3506,2019050800100189,2019년 5월 8일 09시,수요일,대구광역시 달서구 상인동,중상사고,0,1,0,0,차대사람 - 횡단중,신호위반,포장 - 건조,맑음,교차로 - 교차로횡단보도내,승용,여,59세,상해없음,보행자,여,27세,중상
3507,2019050800100238,2019년 5월 8일 10시,수요일,대구광역시 서구 비산동,경상사고,0,0,1,0,차대사람 - 길가장자리구역통행중,안전운전불이행,포장 - 건조,맑음,단일로 - 기타,화물,남,67세,상해없음,보행자,여,57세,경상
3508,2019050800100369,2019년 5월 8일 14시,수요일,대구광역시 달성군 논공읍,중상사고,0,1,0,0,차대사람 - 기타,안전운전불이행,포장 - 건조,맑음,단일로 - 기타,승용,남,59세,상해없음,보행자,남,6세,중상
3509,2019050800100411,2019년 5월 8일 15시,수요일,대구광역시 수성구 지산동,중상사고,0,1,0,0,차대사람 - 횡단중,보행자보호의무위반,포장 - 건조,맑음,교차로 - 교차로횡단보도내,승용,여,57세,상해없음,보행자,남,77세,중상
3510,2019050800100456,2019년 5월 8일 16시,수요일,대구광역시 수성구 파동,중상사고,0,1,0,0,차대사람 - 횡단중,보행자보호의무위반,포장 - 건조,맑음,교차로 - 교차로부근,승용,남,46세,상해없음,보행자,여,59세,중상
3511,2019050800100460,2019년 5월 8일 16시,수요일,대구광역시 달성군 다사읍,경상사고,0,0,1,0,차대사람 - 횡단중,신호위반,포장 - 건조,맑음,교차로 - 교차로횡단보도내,기타불명,기타불명,미분류,기타불명,보행자,남,9세,경상
3512,2019050800100698,2019년 5월 8일 23시,수요일,대구광역시 달서구 진천동,경상사고,0,0,1,0,차대사람 - 길가장자리구역통행중,안전운전불이행,포장 - 건조,맑음,단일로 - 기타,승용,남,58세,기타불명,보행자,남,18세,경상
3513,2019050900100034,2019년 5월 9일 00시,목요일,대구광역시 달서구 신당동,사망사고,1,0,0,0,차대사람 - 횡단중,과속,포장 - 건조,맑음,기타 - 기타,승용,남,58세,기타불명,보행자,남,60세,사망
3514,2019050900100106,2019년 5월 9일 07시,목요일,대구광역시 서구 원대동3가,경상사고,0,0,1,0,차대사람 - 보도통행중,기타,포장 - 건조,맑음,단일로 - 기타,승용,남,44세,상해없음,보행자,남,48세,경상
3515,2019050900100146,2019년 5월 9일 08시,목요일,대구광역시 남구 대명동,경상사고,0,0,1,0,차대사람 - 차도통행중,안전운전불이행,포장 - 건조,맑음,단일로 - 기타,자전거,여,28세,상해없음,보행자,여,16세,경상
3516,2019050900100152,2019년 5월 9일 08시,목요일,대구광역시 달서구 용산동,부상신고사고,0,0,0,1,차대사람 - 기타,기타,포장 - 건조,맑음,단일로 - 기타,승합,남,62세,상해없음,보행자,남,16세,부상신고
3517,2019050900100483,2019년 5월 9일 17시,목요일,대구광역시 남구 대명동,중상사고,0,1,0,0,차대사람 - 횡단중,보행자보호의무위반,포장 - 건조,맑음,교차로 - 교차로횡단보도내,승용,여,56세,상해없음,보행자,남,57세,중상
3518,2019050900100486,2019년 5월 9일 17시,목요일,대구광역시 달서구 용산동,중상사고,0,1,0,0,차대사람 - 횡단중,보행자보호의무위반,포장 - 건조,맑음,단일로 - 기타,승합,남,67세,상해없음,보행자,남,7세,중상
3519,2019050900100655,2019년 5월 9일 22시,목요일,대구광역시 수성구 두산동,경상사고,0,0,1,0,차대사람 - 기타,안전운전불이행,포장 - 건조,맑음,주차장 - 주차장,승용,남,46세,상해없음,보행자,남,32세,경상
3520,2019050900100673,2019년 5월 9일 23시,목요일,대구광역시 중구 삼덕동1가,부상신고사고,0,0,0,1,차대사람 - 기타,안전운전불이행,포장 - 건조,맑음,단일로 - 기타,승용,남,30세,상해없음,보행자,남,63세,부상신고
3521,2019051000100037,2019년 5월 10일 00시,금요일,대구광역시 남구 대명동,경상사고,0,0,1,0,차대사람 - 보도통행중,보행자보호의무위반,포장 - 건조,맑음,단일로 - 기타,승용,남,63세,상해없음,보행자,남,56세,경상
3522,2019051000100207,2019년 5월 10일 09시,금요일,대구광역시 서구 비산동,중상사고,0,1,0,0,차대사람 - 횡단중,안전운전불이행,포장 - 건조,맑음,교차로 - 교차로안,승용,남,71세,상해없음,보행자,여,66세,중상
3523,2019051000100208,2019년 5월 10일 09시,금요일,대구광역시 달서구 성당동,경상사고,0,0,1,0,차대사람 - 기타,안전운전불이행,포장 - 건조,맑음,교차로 - 교차로안,승용,여,48세,상해없음,보행자,남,75세,경상
3524,2019051000100301,2019년 5월 10일 12시,금요일,대구광역시 달서구 두류동,경상사고,0,0,1,0,차대사람 - 기타,안전운전불이행,포장 - 건조,맑음,기타 - 기타,승용,남,61세,상해없음,보행자,남,29세,경상
3525,2019051100100085,2019년 5월 11일 03시,토요일,대구광역시 중구 삼덕동1가,경상사고,0,0,1,0,차대사람 - 기타,안전운전불이행,포장 - 건조,맑음,단일로 - 기타,승용,남,18세,상해없음,보행자,남,19세,경상
3526,2019051100100097,2019년 5월 11일 04시,토요일,대구광역시 달서구 대곡동,중상사고,0,1,0,0,차대사람 - 기타,안전운전불이행,포장 - 건조,맑음,단일로 - 기타,승합,남,46세,상해없음,보행자,여,45세,중상
3527,2019051100100377,2019년 5월 11일 13시,토요일,대구광역시 동구 지저동,경상사고,0,0,1,0,차대사람 - 기타,안전운전불이행,포장 - 건조,맑음,기타 - 기타,승용,남,68세,기타불명,보행자,여,77세,경상
3528,2019051100100425,2019년 5월 11일 14시,토요일,대구광역시 수성구 범어동,경상사고,0,0,1,0,차대사람 - 횡단중,신호위반,포장 - 건조,맑음,단일로 - 기타,승용,남,58세,상해없음,보행자,여,18세,경상
3529,2019051100100427,2019년 5월 11일 14시,토요일,대구광역시 북구 산격동,경상사고,0,0,1,0,차대사람 - 기타,안전운전불이행,포장 - 건조,맑음,단일로 - 기타,승용,남,22세,상해없음,보행자,남,44세,경상
3530,2019051100100465,2019년 5월 11일 15시,토요일,대구광역시 동구 율암동,중상사고,0,1,0,0,차대사람 - 기타,안전운전불이행,포장 - 건조,맑음,단일로 - 기타,승용,남,53세,상해없음,보행자,남,43세,중상
3531,2019051100100467,2019년 5월 11일 15시,토요일,대구광역시 달서구 용산동,경상사고,0,0,1,0,차대사람 - 횡단중,보행자보호의무위반,포장 - 건조,맑음,교차로 - 교차로횡단보도내,승용,여,49세,상해없음,보행자,여,54세,경상
3532,2019051100100594,2019년 5월 11일 18시,토요일,대구광역시 북구 노원동1가,경상사고,0,0,1,0,차대사람 - 횡단중,보행자보호의무위반,포장 - 건조,흐림,교차로 - 교차로안,승용,남,66세,상해없음,보행자,남,20세,경상
3533,2019051100100745,2019년 5월 11일 23시,토요일,대구광역시 서구 비산동,부상신고사고,0,0,0,1,차대사람 - 기타,안전운전불이행,포장 - 건조,맑음,단일로 - 기타,기타불명,기타불명,미분류,기타불명,보행자,남,59세,부상신고
3534,2019051200100047,2019년 5월 12일 01시,일요일,대구광역시 남구 대명동,중상사고,0,1,0,0,차대사람 - 횡단중,안전운전불이행,포장 - 건조,맑음,단일로 - 지하차도(도로)내,이륜,남,20세,상해없음,보행자,여,57세,중상
3535,2019051200100069,2019년 5월 12일 03시,일요일,대구광역시 북구 칠성동2가,경상사고,0,0,1,0,차대사람 - 횡단중,신호위반,포장 - 건조,맑음,교차로 - 교차로횡단보도내,승용,남,73세,상해없음,보행자,여,42세,경상
3536,2019051200100104,2019년 5월 12일 06시,일요일,대구광역시 중구 삼덕동1가,경상사고,0,0,1,0,차대사람 - 기타,안전운전불이행,포장 - 건조,맑음,교차로 - 교차로안,화물,남,57세,상해없음,보행자,남,30세,경상
3537,2019051200100152,2019년 5월 12일 09시,일요일,대구광역시 달서구 두류동,경상사고,0,0,1,0,차대사람 - 기타,안전운전불이행,포장 - 건조,맑음,단일로 - 기타,승용,남,77세,상해없음,보행자,여,63세,경상
3538,2019051200100414,2019년 5월 12일 17시,일요일,대구광역시 중구 공평동,부상신고사고,0,0,0,1,차대사람 - 길가장자리구역통행중,안전운전불이행,포장 - 건조,맑음,단일로 - 기타,기타불명,기타불명,미분류,기타불명,보행자,여,16세,부상신고
3539,2019051300100246,2019년 5월 13일 11시,월요일,대구광역시 중구 남산동,중상사고,0,1,0,0,차대사람 - 기타,안전운전불이행,포장 - 건조,맑음,단일로 - 기타,승용,남,61세,상해없음,보행자,남,21세,중상
3540,2019051300100311,2019년 5월 13일 13시,월요일,대구광역시 동구 율하동,사망사고,1,0,0,0,차대사람 - 기타,중앙선침범,포장 - 건조,맑음,단일로 - 기타,승용,남,55세,상해없음,보행자,남,89세,사망
3541,2019051300100354,2019년 5월 13일 14시,월요일,대구광역시 수성구 범어동,경상사고,0,0,1,0,차대사람 - 길가장자리구역통행중,보행자보호의무위반,포장 - 건조,맑음,단일로 - 기타,승용,남,67세,상해없음,보행자,여,10세,경상
3542,2019051300100355,2019년 5월 13일 14시,월요일,대구광역시 북구 산격동,중상사고,0,1,0,0,차대사람 - 횡단중,중앙선침범,포장 - 건조,맑음,단일로 - 기타,승용,남,34세,상해없음,보행자,여,57세,중상
3543,2019051300100357,2019년 5월 13일 14시,월요일,대구광역시 서구 내당동,부상신고사고,0,0,0,1,차대사람 - 차도통행중,안전운전불이행,포장 - 건조,맑음,단일로 - 기타,기타불명,기타불명,미분류,기타불명,보행자,남,58세,부상신고
3544,2019051300100539,2019년 5월 13일 19시,월요일,대구광역시 중구 남산동,중상사고,0,1,1,0,차대사람 - 기타,안전운전불이행,포장 - 건조,맑음,기타 - 기타,이륜,남,62세,경상,보행자,남,31세,중상
3545,2019051300100542,2019년 5월 13일 19시,월요일,대구광역시 서구 비산동,경상사고,0,0,1,0,차대사람 - 횡단중,안전운전불이행,포장 - 건조,맑음,단일로 - 기타,승용,남,56세,상해없음,보행자,여,20세,경상
3546,2019051300100577,2019년 5월 13일 20시,월요일,대구광역시 동구 입석동,경상사고,0,0,1,0,차대사람 - 기타,안전운전불이행,포장 - 건조,맑음,교차로 - 교차로안,기타불명,기타불명,미분류,기타불명,보행자,여,81세,경상
3547,2019051300100579,2019년 5월 13일 20시,월요일,대구광역시 달서구 신당동,중상사고,0,1,0,0,차대사람 - 차도통행중,안전운전불이행,포장 - 건조,맑음,단일로 - 기타,승용,남,43세,상해없음,보행자,여,23세,중상
3548,2019051300100626,2019년 5월 13일 22시,월요일,대구광역시 서구 내당동,중상사고,0,1,0,0,차대사람 - 횡단중,보행자보호의무위반,포장 - 건조,맑음,교차로 - 교차로횡단보도내,이륜,남,19세,상해없음,보행자,남,55세,중상
3549,2019051400100101,2019년 5월 14일 07시,화요일,대구광역시 수성구 신매동,중상사고,0,1,1,0,차대사람 - 횡단중,보행자보호의무위반,포장 - 건조,맑음,교차로 - 교차로부근,승용,여,60세,기타불명,보행자,여,16세,경상
3550,2019051400100182,2019년 5월 14일 09시,화요일,대구광역시 달서구 송현동,경상사고,0,0,1,0,차대사람 - 기타,안전운전불이행,포장 - 건조,맑음,단일로 - 기타,승용,여,36세,상해없음,보행자,남,60세,경상
3551,2019051400100491,2019년 5월 14일 17시,화요일,대구광역시 수성구 신매동,경상사고,0,0,1,0,차대사람 - 횡단중,안전운전불이행,포장 - 건조,맑음,기타 - 기타,자전거,남,24세,상해없음,보행자,남,82세,경상
3552,2019051400100492,2019년 5월 14일 17시,화요일,대구광역시 북구 침산동,경상사고,0,0,1,0,차대사람 - 보도통행중,안전운전불이행,포장 - 건조,맑음,교차로 - 교차로부근,화물,남,31세,상해없음,보행자,여,78세,경상
3553,2019051400100493,2019년 5월 14일 17시,화요일,대구광역시 중구 남산동,경상사고,0,0,1,0,차대사람 - 차도통행중,안전운전불이행,포장 - 건조,맑음,단일로 - 기타,이륜,남,31세,상해없음,보행자,남,4세,경상
3554,2019051400100693,2019년 5월 14일 23시,화요일,대구광역시 달서구 두류동,경상사고,0,0,1,0,차대사람 - 기타,기타,포장 - 건조,맑음,단일로 - 기타,승용,여,46세,상해없음,보행자,남,36세,경상
3555,2019051500100059,2019년 5월 15일 02시,수요일,대구광역시 중구 삼덕동1가,중상사고,0,1,0,0,차대사람 - 차도통행중,안전운전불이행,포장 - 건조,맑음,단일로 - 기타,승용,남,25세,상해없음,보행자,여,20세,중상
3556,2019051500100097,2019년 5월 15일 06시,수요일,대구광역시 북구 읍내동,경상사고,0,0,1,0,차대사람 - 기타,안전운전불이행,포장 - 건조,맑음,단일로 - 기타,승용,남,27세,상해없음,보행자,남,60세,경상
3557,2019051500100118,2019년 5월 15일 07시,수요일,대구광역시 달서구 장기동,경상사고,0,0,1,0,차대사람 - 보도통행중,안전운전불이행,포장 - 건조,맑음,단일로 - 기타,자전거,남,57세,상해없음,보행자,여,61세,경상
3558,2019051500100307,2019년 5월 15일 12시,수요일,대구광역시 동구 신기동,경상사고,0,0,1,0,차대사람 - 기타,안전운전불이행,포장 - 건조,맑음,단일로 - 기타,승용,남,60세,상해없음,보행자,여,12세,경상
3559,2019051500100309,2019년 5월 15일 12시,수요일,대구광역시 달서구 감삼동,경상사고,0,0,1,0,차대사람 - 횡단중,신호위반,포장 - 건조,맑음,단일로 - 기타,자전거,남,41세,상해없음,보행자,여,61세,경상
3560,2019051500100354,2019년 5월 15일 13시,수요일,대구광역시 수성구 상동,중상사고,0,1,0,0,차대사람 - 횡단중,보행자보호의무위반,포장 - 건조,맑음,단일로 - 기타,승용,여,44세,상해없음,보행자,남,7세,중상
3561,2019051500100427,2019년 5월 15일 15시,수요일,대구광역시 동구 사복동,경상사고,0,0,1,0,차대사람 - 차도통행중,보행자보호의무위반,포장 - 건조,맑음,단일로 - 기타,승용,여,40세,상해없음,보행자,여,8세,경상
3562,2019051500100428,2019년 5월 15일 15시,수요일,대구광역시 수성구 수성동2가,중상사고,0,1,0,0,차대사람 - 기타,안전운전불이행,포장 - 건조,맑음,단일로 - 기타,승용,여,62세,상해없음,보행자,여,73세,중상
3563,2019051500100643,2019년 5월 15일 20시,수요일,대구광역시 달성군 유가읍,경상사고,0,0,1,0,차대사람 - 횡단중,안전운전불이행,포장 - 건조,맑음,단일로 - 기타,기타불명,기타불명,미분류,기타불명,보행자,여,17세,경상
3564,2019051500100712,2019년 5월 15일 23시,수요일,대구광역시 동구 신암동,중상사고,0,1,0,0,차대사람 - 보도통행중,신호위반,포장 - 건조,맑음,단일로 - 기타,기타불명,기타불명,미분류,기타불명,보행자,여,57세,중상
3565,2019051600100134,2019년 5월 16일 07시,목요일,대구광역시 서구 중리동,부상신고사고,0,0,0,1,차대사람 - 차도통행중,안전운전불이행,포장 - 건조,맑음,단일로 - 기타,승합,남,43세,상해없음,보행자,여,12세,부상신고
3566,2019051600100314,2019년 5월 16일 11시,목요일,대구광역시 남구 대명동,부상신고사고,0,0,0,1,차대사람 - 기타,안전운전불이행,포장 - 건조,맑음,기타 - 기타,자전거,남,72세,부상신고,보행자,남,57세,상해없음
3567,2019051600100432,2019년 5월 16일 15시,목요일,대구광역시 수성구 만촌동,경상사고,0,0,1,0,차대사람 - 횡단중,보행자보호의무위반,포장 - 건조,맑음,단일로 - 기타,승용,남,70세,상해없음,보행자,남,17세,경상
3568,2019051600100474,2019년 5월 16일 16시,목요일,대구광역시 북구 구암동,중상사고,0,1,0,0,차대사람 - 횡단중,보행자보호의무위반,포장 - 건조,맑음,교차로 - 교차로부근,승용,여,48세,상해없음,보행자,남,8세,중상
3569,2019051600100705,2019년 5월 16일 22시,목요일,대구광역시 동구 신암동,경상사고,0,0,1,0,차대사람 - 기타,안전운전불이행,포장 - 건조,맑음,기타 - 기타,승용,남,19세,상해없음,보행자,여,72세,경상
3570,2019051700100251,2019년 5월 17일 11시,금요일,대구광역시 달서구 죽전동,경상사고,0,0,1,0,차대사람 - 기타,안전운전불이행,포장 - 건조,맑음,기타 - 기타,승용,여,39세,상해없음,보행자,남,51세,경상
3571,2019051700100325,2019년 5월 17일 13시,금요일,대구광역시 달서구 신당동,중상사고,0,1,0,0,차대사람 - 보도통행중,기타,포장 - 건조,맑음,단일로 - 기타,원동기,남,62세,상해없음,보행자,남,55세,중상
3572,2019051700100326,2019년 5월 17일 13시,금요일,대구광역시 북구 동변동,중상사고,0,1,0,0,차대사람 - 횡단중,안전운전불이행,포장 - 건조,맑음,단일로 - 기타,이륜,남,45세,상해없음,보행자,여,49세,중상
3573,2019051700100354,2019년 5월 17일 14시,금요일,대구광역시 달서구 송현동,중상사고,0,1,0,0,차대사람 - 기타,안전운전불이행,포장 - 건조,맑음,단일로 - 기타,승합,남,58세,상해없음,보행자,여,73세,중상
3574,2019051700100664,2019년 5월 17일 21시,금요일,대구광역시 달성군 화원읍,중상사고,0,1,0,0,차대사람 - 횡단중,보행자보호의무위반,포장 - 건조,맑음,교차로 - 교차로횡단보도내,화물,남,59세,상해없음,보행자,남,44세,중상
3575,2019051700100689,2019년 5월 17일 22시,금요일,대구광역시 남구 대명동,중상사고,0,1,0,0,차대사람 - 기타,안전운전불이행,포장 - 건조,맑음,기타 - 기타,승용,여,52세,상해없음,보행자,남,58세,중상
3576,2019051700100721,2019년 5월 17일 23시,금요일,대구광역시 수성구 신매동,경상사고,0,0,1,0,차대사람 - 차도통행중,안전운전불이행,포장 - 젖음/습기,비,단일로 - 기타,승용,남,19세,상해없음,보행자,여,19세,경상
3577,2019051800100286,2019년 5월 18일 11시,토요일,대구광역시 북구 산격동,부상신고사고,0,0,0,1,차대사람 - 횡단중,안전운전불이행,포장 - 건조,맑음,단일로 - 기타,승용,남,51세,상해없음,보행자,남,59세,부상신고
3578,2019051900100465,2019년 5월 19일 19시,일요일,대구광역시 달서구 월성동,중상사고,0,1,0,0,차대사람 - 횡단중,신호위반,포장 - 젖음/습기,비,단일로 - 기타,원동기,남,23세,상해없음,보행자,여,60세,중상