,사고번호,사고일시,요일,시군구,사고내용,사망자수,중상자수,경상자수,부상신고자수,사고유형,법규위반,노면상태,기상상태,도로형태,가해운전자 차종,가해운전자 성별,가해운전자 연령,가해운전자 상해정도,피해운전자 차종,피해운전자 성별,피해운전자 연령,피해운전자 상해정도
3910,2019070300100456,2019년 7월 3일 17시,수요일,대구광역시 서구 비산동,중상사고,0,1,0,0,차대사람 - 기타,안전운전불이행,포장 - 건조,맑음,단일로 - 기타,승합,남,50세,상해없음,보행자,남,77세,중상
3911,2019070300100605,2019년 7월 3일 22시,수요일,대구광역시 달서구 두류동,사망사고,1,0,0,0,차대사람 - 기타,안전운전불이행,포장 - 건조,맑음,단일로 - 기타,승용,여,47세,상해없음,보행자,남,25세,사망
3912,2019070400100032,2019년 7월 4일 00시,목요일,대구광역시 달서구 송현동,부상신고사고,0,0,0,1,차대사람 - 기타,안전운전불이행,포장 - 건조,맑음,단일로 - 기타,기타불명,기타불명,미분류,기타불명,보행자,여,44세,부상신고
3913,2019070400100155,2019년 7월 4일 08시,목요일,대구광역시 달서구 상인동,경상사고,0,0,1,0,차대사람 - 기타,보행자보호의무위반,포장 - 건조,맑음,교차로 - 교차로횡단보도내,승용,여,48세,상해없음,보행자,여,87세,경상
3914,2019070400100207,2019년 7월 4일 09시,목요일,대구광역시 중구 남산동,경상사고,0,0,1,0,차대사람 - 보도통행중,기타,포장 - 건조,맑음,기타 - 기타,승용,여,52세,상해없음,보행자,여,62세,경상
3915,2019070400100266,2019년 7월 4일 11시,목요일,대구광역시 남구 대명동,중상사고,0,1,0,0,차대사람 - 기타,보행자보호의무위반,포장 - 건조,맑음,단일로 - 기타,화물,남,36세,상해없음,보행자,여,39세,중상
3916,2019070400100267,2019년 7월 4일 11시,목요일,대구광역시 북구 대현동,경상사고,0,0,1,0,차대사람 - 횡단중,안전운전불이행,포장 - 건조,맑음,단일로 - 기타,승용,남,45세,상해없음,보행자,남,53세,경상
3917,2019070400100536,2019년 7월 4일 18시,목요일,대구광역시 동구 신천동,경상사고,0,0,1,0,차대사람 - 기타,안전운전불이행,포장 - 건조,맑음,단일로 - 기타,승용,남,24세,상해없음,보행자,남,61세,경상
3918,2019070400100537,2019년 7월 4일 18시,목요일,대구광역시 서구 평리동,경상사고,0,0,1,0,차대사람 - 기타,안전운전불이행,포장 - 건조,맑음,단일로 - 기타,승용,남,28세,상해없음,보행자,남,9세,경상
3919,2019070500100032,2019년 7월 5일 00시,금요일,대구광역시 수성구 신매동,경상사고,0,0,1,0,차대사람 - 차도통행중,안전운전불이행,포장 - 건조,맑음,단일로 - 기타,승용,남,55세,상해없음,보행자,남,24세,경상
3920,2019070500100045,2019년 7월 5일 01시,금요일,대구광역시 서구 평리동,경상사고,0,0,1,0,차대사람 - 횡단중,신호위반,포장 - 건조,맑음,교차로 - 교차로횡단보도내,승용,남,69세,상해없음,보행자,여,22세,경상
3921,2019070500100068,2019년 7월 5일 04시,금요일,대구광역시 중구 삼덕동1가,경상사고,0,0,1,0,차대사람 - 기타,안전운전불이행,포장 - 건조,맑음,단일로 - 기타,승용,남,25세,상해없음,보행자,남,31세,경상
3922,2019070500100114,2019년 7월 5일 07시,금요일,대구광역시 서구 비산동,부상신고사고,0,0,0,1,차대사람 - 길가장자리구역통행중,안전운전불이행,포장 - 건조,맑음,단일로 - 기타,기타불명,기타불명,미분류,기타불명,보행자,남,52세,부상신고
3923,2019070500100163,2019년 7월 5일 08시,금요일,대구광역시 동구 대림동,경상사고,0,0,1,0,차대사람 - 횡단중,안전운전불이행,포장 - 건조,맑음,교차로 - 교차로횡단보도내,승용,여,48세,상해없음,보행자,여,36세,경상
3924,2019070500100164,2019년 7월 5일 08시,금요일,대구광역시 수성구 수성동1가,중상사고,0,1,0,0,차대사람 - 기타,안전운전불이행,포장 - 건조,맑음,교차로 - 교차로부근,승용,여,55세,상해없음,보행자,여,12세,중상
3925,2019070500100167,2019년 7월 5일 08시,금요일,대구광역시 서구 평리동,경상사고,0,0,2,0,차대사람 - 횡단중,안전운전불이행,포장 - 건조,맑음,단일로 - 기타,승용,여,35세,상해없음,보행자,남,4세,경상
3926,2019070500100291,2019년 7월 5일 12시,금요일,대구광역시 수성구 삼덕동,사망사고,1,0,0,0,차대사람 - 기타,안전운전불이행,포장 - 건조,맑음,교차로 - 교차로안,화물,여,57세,상해없음,보행자,여,71세,사망
3927,2019070500100504,2019년 7월 5일 17시,금요일,대구광역시 북구 읍내동,중상사고,0,1,0,0,차대사람 - 횡단중,신호위반,포장 - 건조,맑음,교차로 - 교차로횡단보도내,이륜,남,17세,상해없음,보행자,여,65세,중상
3928,2019070500100654,2019년 7월 5일 21시,금요일,대구광역시 서구 비산동,경상사고,0,0,1,0,차대사람 - 기타,안전운전불이행,포장 - 건조,맑음,교차로 - 교차로안,승용,남,48세,상해없음,보행자,남,60세,경상
3929,2019070500100677,2019년 7월 5일 22시,금요일,대구광역시 달서구 대곡동,중상사고,0,1,0,0,차대사람 - 기타,안전운전불이행,포장 - 건조,맑음,단일로 - 기타,이륜,남,20세,상해없음,보행자,여,48세,중상
3930,2019070600100201,2019년 7월 6일 09시,토요일,대구광역시 달서구 유천동,부상신고사고,0,0,0,1,차대사람 - 기타,안전운전불이행,포장 - 건조,맑음,단일로 - 기타,승용,남,47세,상해없음,보행자,여,17세,부상신고
3931,2019070600100202,2019년 7월 6일 09시,토요일,대구광역시 달서구 용산동,중상사고,0,1,0,0,차대사람 - 기타,안전운전불이행,포장 - 건조,맑음,단일로 - 기타,특수,남,43세,상해없음,보행자,남,76세,중상
3932,2019070600100238,2019년 7월 6일 10시,토요일,대구광역시 남구 봉덕동,중상사고,0,1,0,0,차대사람 - 기타,기타,포장 - 건조,맑음,교차로 - 교차로부근,개인형이동수단(PM),남,90세 이상,상해없음,보행자,여,76세,중상
3933,2019070600100239,2019년 7월 6일 10시,토요일,대구광역시 동구 미곡동,중상사고,0,1,0,0,차대사람 - 횡단중,보행자보호의무위반,포장 - 건조,맑음,교차로 - 교차로횡단보도내,기타불명,기타불명,미분류,기타불명,보행자,남,58세,중상
3934,2019070600100372,2019년 7월 6일 13시,토요일,대구광역시 수성구 지산동,경상사고,0,0,1,0,차대사람 - 기타,안전운전불이행,포장 - 건조,맑음,단일로 - 기타,화물,남,53세,상해없음,보행자,남,6세,경상
3935,2019070600100373,2019년 7월 6일 13시,토요일,대구광역시 북구 대현동,중상사고,0,1,1,0,차대사람 - 횡단중,신호위반,포장 - 건조,맑음,교차로 - 교차로안,원동기,남,15세,상해없음,보행자,여,58세,중상
3936,2019070600100540,2019년 7월 6일 17시,토요일,대구광역시 달서구 상인동,중상사고,0,1,0,0,차대사람 - 횡단중,안전운전불이행,포장 - 건조,맑음,교차로 - 교차로부근,승용,남,27세,상해없음,보행자,여,76세,중상
3937,2019070600100601,2019년 7월 6일 19시,토요일,대구광역시 남구 대명동,경상사고,0,0,1,0,차대사람 - 횡단중,신호위반,포장 - 건조,맑음,교차로 - 교차로횡단보도내,원동기,남,18세,상해없음,보행자,여,68세,경상
3938,2019070600100633,2019년 7월 6일 20시,토요일,대구광역시 달서구 상인동,경상사고,0,0,2,0,차대사람 - 기타,기타,포장 - 건조,맑음,기타 - 기타,화물,남,52세,상해없음,보행자,남,70세,경상
3939,2019070600100675,2019년 7월 6일 21시,토요일,대구광역시 서구 내당동,중상사고,0,1,0,0,차대사람 - 횡단중,안전운전불이행,포장 - 건조,맑음,단일로 - 기타,화물,남,68세,상해없음,보행자,남,47세,중상
3940,2019070700100154,2019년 7월 7일 10시,일요일,대구광역시 북구 읍내동,경상사고,0,0,1,0,차대사람 - 기타,보행자보호의무위반,포장 - 건조,맑음,단일로 - 기타,승용,남,29세,상해없음,보행자,여,14세,경상
3941,2019070700100276,2019년 7월 7일 14시,일요일,대구광역시 달성군 구지면,경상사고,0,0,1,0,차대사람 - 기타,기타,포장 - 건조,맑음,단일로 - 기타,승용,남,55세,상해없음,보행자,여,58세,경상
3942,2019070700100304,2019년 7월 7일 15시,일요일,대구광역시 북구 구암동,경상사고,0,0,1,0,차대사람 - 기타,안전운전불이행,포장 - 건조,맑음,단일로 - 기타,승용,여,45세,상해없음,보행자,남,8세,경상
3943,2019070700100351,2019년 7월 7일 16시,일요일,대구광역시 달서구 대천동,중상사고,0,1,0,0,차대사람 - 횡단중,보행자보호의무위반,포장 - 건조,맑음,교차로 - 교차로횡단보도내,승용,여,50세,상해없음,보행자,여,20세,중상
3944,2019070700100429,2019년 7월 7일 19시,일요일,대구광역시 동구 입석동,경상사고,0,0,1,0,차대사람 - 횡단중,안전운전불이행,포장 - 건조,맑음,단일로 - 기타,원동기,남,29세,상해없음,보행자,여,2세,경상
3945,2019070700100511,2019년 7월 7일 23시,일요일,대구광역시 수성구 두산동,중상사고,0,1,0,0,차대사람 - 횡단중,안전운전불이행,포장 - 건조,맑음,교차로 - 교차로안,승용,남,55세,상해없음,보행자,여,43세,중상
3946,2019070800100096,2019년 7월 8일 07시,월요일,대구광역시 남구 대명동,중상사고,0,1,0,0,차대사람 - 차도통행중,안전운전불이행,포장 - 건조,맑음,교차로 - 교차로횡단보도내,승합,남,28세,상해없음,보행자,남,65세,중상
3947,2019070800100147,2019년 7월 8일 08시,월요일,대구광역시 수성구 범어동,중상사고,0,1,0,0,차대사람 - 차도통행중,안전운전불이행,포장 - 건조,맑음,교차로 - 교차로안,승용,여,42세,상해없음,보행자,남,11세,중상
3948,2019070800100353,2019년 7월 8일 14시,월요일,대구광역시 수성구 중동,경상사고,0,0,1,0,차대사람 - 횡단중,안전운전불이행,포장 - 건조,맑음,단일로 - 기타,승용,남,38세,상해없음,보행자,여,70세,경상
3949,2019070800100455,2019년 7월 8일 17시,월요일,대구광역시 달서구 대곡동,중상사고,0,1,0,1,차대사람 - 횡단중,신호위반,포장 - 건조,맑음,단일로 - 기타,이륜,남,23세,상해없음,보행자,남,4세,중상
3950,2019070800100534,2019년 7월 8일 19시,월요일,대구광역시 북구 노원동3가,경상사고,0,0,1,0,차대사람 - 횡단중,신호위반,포장 - 건조,맑음,단일로 - 기타,이륜,남,49세,기타불명,보행자,여,90세 이상,경상
3951,2019070800100614,2019년 7월 8일 23시,월요일,대구광역시 달서구 신당동,중상사고,0,1,0,0,차대사람 - 기타,안전운전불이행,포장 - 건조,맑음,기타 - 기타,개인형이동수단(PM),남,23세,상해없음,보행자,남,50세,중상
3952,2019070900100111,2019년 7월 9일 07시,화요일,대구광역시 서구 내당동,경상사고,0,0,1,0,차대사람 - 기타,기타,포장 - 건조,맑음,단일로 - 기타,자전거,남,73세,기타불명,보행자,남,34세,경상
3953,2019070900100463,2019년 7월 9일 17시,화요일,대구광역시 수성구 상동,경상사고,0,0,1,0,차대사람 - 길가장자리구역통행중,안전운전불이행,포장 - 건조,맑음,단일로 - 기타,화물,남,29세,상해없음,보행자,여,12세,경상
3954,2019070900100511,2019년 7월 9일 18시,화요일,대구광역시 서구 내당동,경상사고,0,0,1,0,차대사람 - 횡단중,보행자보호의무위반,포장 - 건조,맑음,단일로 - 기타,승용,여,24세,상해없음,보행자,여,33세,경상
3955,2019070900100625,2019년 7월 9일 22시,화요일,대구광역시 달서구 진천동,중상사고,0,1,0,0,차대사람 - 횡단중,신호위반,포장 - 건조,맑음,교차로 - 교차로부근,승용,남,58세,상해없음,보행자,여,76세,중상
3956,2019071000100088,2019년 7월 10일 07시,수요일,대구광역시 달서구 상인동,중상사고,0,1,0,0,차대사람 - 기타,기타,포장 - 건조,맑음,단일로 - 기타,기타불명,기타불명,미분류,기타불명,보행자,남,14세,중상
3957,2019071000100124,2019년 7월 10일 08시,수요일,대구광역시 남구 대명동,경상사고,0,0,1,0,차대사람 - 길가장자리구역통행중,보행자보호의무위반,포장 - 건조,맑음,교차로 - 교차로부근,승용,여,56세,기타불명,보행자,남,9세,경상
3958,2019071000100226,2019년 7월 10일 11시,수요일,대구광역시 수성구 중동,경상사고,0,0,1,0,차대사람 - 보도통행중,기타,포장 - 건조,맑음,기타 - 기타,화물,남,42세,상해없음,보행자,여,22세,경상
3959,2019071000100637,2019년 7월 10일 21시,수요일,대구광역시 달서구 대천동,경상사고,0,0,1,0,차대사람 - 기타,안전운전불이행,포장 - 젖음/습기,비,단일로 - 기타,승용,여,48세,상해없음,보행자,남,43세,경상
3960,2019071000100685,2019년 7월 10일 22시,수요일,대구광역시 달서구 송현동,중상사고,0,1,0,0,차대사람 - 횡단중,보행자보호의무위반,포장 - 젖음/습기,비,교차로 - 교차로안,승합,남,58세,상해없음,보행자,남,48세,중상
3961,2019071100100076,2019년 7월 11일 04시,목요일,대구광역시 동구 검사동,사망사고,1,0,0,0,차대사람 - 횡단중,안전운전불이행,포장 - 젖음/습기,비,기타 - 기타,승용,여,31세,상해없음,보행자,남,52세,사망
3962,2019071100100168,2019년 7월 11일 08시,목요일,대구광역시 서구 평리동,중상사고,0,1,0,0,차대사람 - 보도통행중,보행자보호의무위반,포장 - 건조,맑음,단일로 - 기타,승용,남,69세,상해없음,보행자,남,65세,중상
3963,2019071100100234,2019년 7월 11일 10시,목요일,대구광역시 동구 신천동,중상사고,0,1,0,0,차대사람 - 차도통행중,안전운전불이행,포장 - 건조,맑음,단일로 - 기타,기타불명,기타불명,미분류,기타불명,보행자,남,61세,중상
3964,2019071100100414,2019년 7월 11일 16시,목요일,대구광역시 달서구 본동,경상사고,0,0,1,0,차대사람 - 기타,안전운전불이행,포장 - 건조,맑음,단일로 - 기타,원동기,남,62세,상해없음,보행자,남,56세,경상
3965,2019071100100497,2019년 7월 11일 18시,목요일,대구광역시 달서구 송현동,경상사고,0,0,1,0,차대사람 - 보도통행중,기타,포장 - 건조,맑음,교차로 - 교차로부근,승용,여,57세,상해없음,보행자,여,41세,경상
3966,2019071100100535,2019년 7월 11일 19시,목요일,대구광역시 남구 대명동,경상사고,0,0,1,0,차대사람 - 기타,안전운전불이행,포장 - 건조,맑음,단일로 - 기타,승용,남,39세,상해없음,보행자,남,24세,경상
3967,2019071100100612,2019년 7월 11일 22시,목요일,대구광역시 달성군 논공읍,중상사고,0,1,0,0,차대사람 - 기타,보행자보호의무위반,포장 - 건조,맑음,교차로 - 교차로횡단보도내,승용,남,53세,기타불명,보행자,여,52세,중상
3968,2019071200100065,2019년 7월 12일 03시,금요일,대구광역시 중구 삼덕동2가,중상사고,0,1,0,0,차대사람 - 횡단중,안전운전불이행,포장 - 건조,맑음,단일로 - 기타,승용,남,67세,상해없음,보행자,여,17세,중상
3969,2019071200100269,2019년 7월 12일 11시,금요일,대구광역시 달서구 진천동,부상신고사고,0,0,0,1,차대사람 - 차도통행중,불법유턴,포장 - 건조,맑음,단일로 - 기타,승용,여,53세,상해없음,보행자,여,48세,부상신고
3970,2019071200100312,2019년 7월 12일 12시,금요일,대구광역시 북구 복현동,경상사고,0,0,1,0,차대사람 - 횡단중,안전운전불이행,포장 - 건조,맑음,교차로 - 교차로횡단보도내,승합,남,56세,상해없음,보행자,여,48세,경상
3971,2019071200100569,2019년 7월 12일 18시,금요일,대구광역시 남구 대명동,경상사고,0,0,1,0,차대사람 - 기타,안전운전불이행,포장 - 건조,맑음,단일로 - 기타,승용,남,45세,상해없음,보행자,여,18세,경상
3972,2019071200100615,2019년 7월 12일 19시,금요일,대구광역시 달서구 송현동,경상사고,0,0,1,0,차대사람 - 횡단중,보행자보호의무위반,포장 - 건조,맑음,단일로 - 기타,승용,여,80세,상해없음,보행자,남,7세,경상
3973,2019071300100060,2019년 7월 13일 02시,토요일,대구광역시 중구 삼덕동1가,경상사고,0,0,1,0,차대사람 - 기타,기타,포장 - 건조,맑음,교차로 - 교차로안,이륜,남,22세,상해없음,보행자,남,29세,경상
3974,2019071300100130,2019년 7월 13일 08시,토요일,대구광역시 동구 불로동,부상신고사고,0,0,0,1,차대사람 - 보도통행중,안전운전불이행,포장 - 건조,맑음,단일로 - 기타,자전거,여,43세,상해없음,보행자,여,59세,부상신고
3975,2019071300100327,2019년 7월 13일 14시,토요일,대구광역시 수성구 수성동4가,경상사고,0,0,1,0,차대사람 - 횡단중,보행자보호의무위반,포장 - 건조,맑음,단일로 - 기타,원동기,남,50세,상해없음,보행자,여,75세,경상
3976,2019071300100407,2019년 7월 13일 16시,토요일,대구광역시 달성군 화원읍,중상사고,0,1,0,0,차대사람 - 횡단중,안전운전불이행,포장 - 건조,맑음,교차로 - 교차로안,승용,남,62세,상해없음,보행자,여,83세,중상
3977,2019071300100486,2019년 7월 13일 18시,토요일,대구광역시 중구 대신동,경상사고,0,0,1,0,차대사람 - 횡단중,안전운전불이행,포장 - 건조,맑음,교차로 - 교차로부근,승용,남,52세,상해없음,보행자,남,72세,경상
3978,2019071300100578,2019년 7월 13일 22시,토요일,대구광역시 달서구 상인동,경상사고,0,0,1,0,차대사람 - 횡단중,보행자보호의무위반,포장 - 건조,맑음,교차로 - 교차로횡단보도내,승용,남,56세,상해없음,보행자,여,51세,경상
3979,2019071400100115,2019년 7월 14일 08시,일요일,대구광역시 북구 관음동,중상사고,0,1,0,0,차대사람 - 횡단중,안전운전불이행,포장 - 건조,맑음,교차로 - 교차로횡단보도내,승합,남,53세,상해없음,보행자,여,80세,중상
3980,2019071400100239,2019년 7월 14일 13시,일요일,대구광역시 달서구 상인동,경상사고,0,0,1,0,차대사람 - 횡단중,안전운전불이행,포장 - 건조,맑음,단일로 - 기타,이륜,남,22세,상해없음,보행자,여,25세,경상
3981,2019071500100181,2019년 7월 15일 10시,월요일,대구광역시 동구 신암동,중상사고,0,1,0,0,차대사람 - 횡단중,보행자보호의무위반,포장 - 건조,맑음,교차로 - 교차로안,승용,여,46세,상해없음,보행자,남,60세,중상
3982,2019071500100233,2019년 7월 15일 12시,월요일,대구광역시 남구 대명동,경상사고,0,0,1,0,차대사람 - 보도통행중,기타,포장 - 건조,맑음,단일로 - 기타,승용,남,69세,상해없음,보행자,여,78세,경상
3983,2019071500100313,2019년 7월 15일 14시,월요일,대구광역시 달서구 두류동,중상사고,0,1,0,0,차대사람 - 기타,안전운전불이행,포장 - 건조,맑음,기타 - 기타,화물,남,50세,상해없음,보행자,여,79세,중상
3984,2019071500100411,2019년 7월 15일 16시,월요일,대구광역시 수성구 범어동,경상사고,0,0,2,0,차대사람 - 기타,안전운전불이행,포장 - 건조,맑음,단일로 - 기타,승용,남,37세,상해없음,보행자,남,9세,경상
3985,2019071500100464,2019년 7월 15일 17시,월요일,대구광역시 달서구 송현동,중상사고,0,1,0,0,차대사람 - 기타,기타,포장 - 건조,맑음,교차로 - 교차로안,승용,여,42세,상해없음,보행자,남,7세,중상
3986,2019071500100465,2019년 7월 15일 17시,월요일,대구광역시 북구 노원동3가,경상사고,0,0,1,0,차대사람 - 보도통행중,기타,포장 - 건조,맑음,단일로 - 기타,승용,남,41세,상해없음,보행자,남,51세,경상
3987,2019071500100467,2019년 7월 15일 17시,월요일,대구광역시 중구 동인동4가,경상사고,0,0,1,0,차대사람 - 보도통행중,기타,포장 - 건조,맑음,단일로 - 교량,기타불명,기타불명,미분류,기타불명,보행자,여,22세,경상
3988,2019071500100513,2019년 7월 15일 18시,월요일,대구광역시 수성구 사월동,경상사고,0,0,1,0,차대사람 - 횡단중,보행자보호의무위반,포장 - 건조,맑음,단일로 - 기타,승용,여,32세,상해없음,보행자,남,5세,경상
3989,2019071500100514,2019년 7월 15일 18시,월요일,대구광역시 북구 노원동3가,경상사고,0,0,1,0,차대사람 - 기타,안전운전불이행,포장 - 건조,맑음,단일로 - 기타,원동기,남,55세,상해없음,보행자,여,47세,경상
3990,2019071500100555,2019년 7월 15일 19시,월요일,대구광역시 달서구 진천동,경상사고,0,0,1,0,차대사람 - 보도통행중,안전운전불이행,비포장 - 젖음/습기,비,교차로 - 교차로부근,승용,여,39세,상해없음,보행자,남,23세,경상
3991,2019071500100601,2019년 7월 15일 21시,월요일,대구광역시 동구 방촌동,중상사고,0,1,0,0,차대사람 - 보도통행중,신호위반,포장 - 젖음/습기,비,단일로 - 기타,승용,여,47세,상해없음,보행자,여,61세,중상
3992,2019071500100602,2019년 7월 15일 21시,월요일,대구광역시 북구 고성동2가,중상사고,0,1,0,0,차대사람 - 횡단중,과속,포장 - 젖음/습기,비,교차로 - 교차로횡단보도내,승용,남,25세,상해없음,보행자,남,70세,중상
3993,2019071500100623,2019년 7월 15일 22시,월요일,대구광역시 동구 신암동,경상사고,0,0,1,0,차대사람 - 횡단중,보행자보호의무위반,포장 - 젖음/습기,비,교차로 - 교차로안,승용,남,22세,상해없음,보행자,남,55세,경상
3994,2019071500100641,2019년 7월 15일 23시,월요일,대구광역시 남구 대명동,경상사고,0,0,1,0,차대사람 - 기타,안전운전불이행,포장 - 젖음/습기,비,단일로 - 기타,승용,남,38세,상해없음,보행자,여,36세,경상
3995,2019071600100022,2019년 7월 16일 00시,화요일,대구광역시 북구 국우동,경상사고,0,0,1,0,차대사람 - 기타,안전운전불이행,포장 - 젖음/습기,비,단일로 - 기타,승용,여,51세,상해없음,보행자,남,29세,경상
3996,2019071600100243,2019년 7월 16일 12시,화요일,대구광역시 달서구 신당동,경상사고,0,0,1,0,차대사람 - 기타,안전운전불이행,포장 - 건조,맑음,교차로 - 교차로안,이륜,남,39세,상해없음,보행자,남,43세,경상
3997,2019071600100449,2019년 7월 16일 17시,화요일,대구광역시 북구 태전동,경상사고,0,0,1,0,차대사람 - 기타,안전운전불이행,포장 - 건조,맑음,단일로 - 기타,승합,남,77세,상해없음,보행자,남,5세,경상
3998,2019071600100610,2019년 7월 16일 22시,화요일,대구광역시 수성구 지산동,중상사고,0,1,0,0,차대사람 - 차도통행중,안전운전불이행,포장 - 건조,맑음,단일로 - 기타,승용,남,50세,상해없음,보행자,남,39세,중상
3999,2019071600100624,2019년 7월 16일 23시,화요일,대구광역시 북구 구암동,경상사고,0,0,2,0,차대사람 - 횡단중,신호위반,포장 - 건조,맑음,교차로 - 교차로횡단보도내,승용,여,40세,상해없음,보행자,여,32세,경상
4000,2019071700100104,2019년 7월 17일 07시,수요일,대구광역시 달서구 용산동,중상사고,0,1,0,0,차대사람 - 횡단중,안전운전불이행,포장 - 건조,맑음,단일로 - 기타,승용,여,39세,상해없음,보행자,여,61세,중상
4001,2019071700100296,2019년 7월 17일 13시,수요일,대구광역시 수성구 만촌동,경상사고,0,0,1,0,차대사람 - 횡단중,보행자보호의무위반,포장 - 건조,맑음,교차로 - 교차로횡단보도내,승용,여,44세,상해없음,보행자,남,66세,경상
4002,2019071700100343,2019년 7월 17일 14시,수요일,대구광역시 북구 칠성동1가,경상사고,0,0,1,0,차대사람 - 차도통행중,안전운전불이행,포장 - 건조,맑음,단일로 - 기타,기타불명,기타불명,미분류,기타불명,보행자,여,58세,경상
4003,2019071700100420,2019년 7월 17일 16시,수요일,대구광역시 북구 구암동,경상사고,0,0,2,0,차대사람 - 횡단중,안전운전불이행,포장 - 건조,맑음,교차로 - 교차로횡단보도내,이륜,남,47세,경상,보행자,여,21세,경상
4004,2019071700100512,2019년 7월 17일 18시,수요일,대구광역시 남구 이천동,중상사고,0,1,0,0,차대사람 - 횡단중,안전운전불이행,포장 - 건조,맑음,단일로 - 지하차도(도로)내,승용,여,53세,상해없음,보행자,남,5세,중상
4005,2019071700100657,2019년 7월 17일 23시,수요일,대구광역시 북구 동천동,중상사고,0,2,0,0,차대사람 - 기타,안전운전불이행,포장 - 건조,맑음,단일로 - 기타,기타불명,남,미분류,기타불명,보행자,남,35세,중상
4006,2019071800100196,2019년 7월 18일 10시,목요일,대구광역시 서구 내당동,중상사고,0,1,0,0,차대사람 - 보도통행중,기타,포장 - 건조,맑음,기타 - 기타,화물,남,49세,상해없음,보행자,여,77세,중상
4007,2019071800100354,2019년 7월 18일 15시,목요일,대구광역시 수성구 신매동,경상사고,0,0,2,0,차대사람 - 길가장자리구역통행중,안전운전불이행,포장 - 건조,맑음,단일로 - 기타,승용,여,73세,상해없음,보행자,남,87세,경상
4008,2019071800100356,2019년 7월 18일 15시,목요일,대구광역시 달성군 구지면,중상사고,0,1,0,0,차대사람 - 기타,안전운전불이행,포장 - 건조,맑음,단일로 - 기타,승합,남,53세,상해없음,보행자,여,74세,중상
4009,2019071800100502,2019년 7월 18일 19시,목요일,대구광역시 수성구 매호동,경상사고,0,0,1,0,차대사람 - 기타,안전운전불이행,포장 - 건조,맑음,기타 - 기타,자전거,남,16세,상해없음,보행자,남,4세,경상
4010,2019071800100547,2019년 7월 18일 20시,목요일,대구광역시 달서구 두류동,경상사고,0,0,2,0,차대사람 - 보도통행중,기타,포장 - 건조,맑음,기타 - 기타,자전거,남,66세,경상,보행자,여,24세,경상
4011,2019071900100250,2019년 7월 19일 10시,금요일,대구광역시 동구 입석동,경상사고,0,0,1,0,차대사람 - 기타,안전운전불이행,포장 - 건조,맑음,단일로 - 기타,화물,남,64세,상해없음,보행자,남,78세,경상
4012,2019071900100281,2019년 7월 19일 11시,금요일,대구광역시 수성구 신매동,경상사고,0,0,1,0,차대사람 - 기타,보행자보호의무위반,포장 - 건조,맑음,단일로 - 기타,기타불명,기타불명,미분류,기타불명,보행자,여,16세,경상
4013,2019071900100326,2019년 7월 19일 12시,금요일,대구광역시 동구 신암동,중상사고,0,1,0,0,차대사람 - 횡단중,안전운전불이행,포장 - 건조,맑음,단일로 - 기타,승용,여,46세,상해없음,보행자,여,48세,중상
4014,2019071900100431,2019년 7월 19일 15시,금요일,대구광역시 달서구 송현동,부상신고사고,0,0,0,1,차대사람 - 기타,안전운전불이행,포장 - 건조,맑음,단일로 - 기타,승용,남,47세,상해없음,보행자,여,47세,부상신고
4015,2019071900100607,2019년 7월 19일 19시,금요일,대구광역시 달서구 신당동,중상사고,0,1,0,0,차대사람 - 차도통행중,안전운전불이행,포장 - 건조,맑음,단일로 - 기타,승용,남,51세,상해없음,보행자,여,76세,중상
4016,2019071900100678,2019년 7월 19일 21시,금요일,대구광역시 동구 신암동,경상사고,0,0,1,0,차대사람 - 횡단중,신호위반,포장 - 젖음/습기,비,단일로 - 기타,승용,남,49세,상해없음,보행자,여,55세,경상
4017,2019071900100680,2019년 7월 19일 21시,금요일,대구광역시 서구 비산동,중상사고,0,1,0,0,차대사람 - 횡단중,안전운전불이행,포장 - 젖음/습기,비,단일로 - 기타,승용,남,80세,상해없음,보행자,남,68세,중상
4018,2019071900100681,2019년 7월 19일 21시,금요일,대구광역시 북구 동천동,중상사고,0,1,0,0,차대사람 - 차도통행중,안전운전불이행,포장 - 젖음/습기,비,단일로 - 기타,자전거,남,16세,상해없음,보행자,여,82세,중상
4019,2019072000100061,2019년 7월 20일 01시,토요일,대구광역시 수성구 황금동,중상사고,0,1,0,0,차대사람 - 기타,안전운전불이행,포장 - 건조,맑음,단일로 - 기타,승용,남,57세,상해없음,보행자,남,65세,중상